Tweets,User,User_location,fav_count,rt_count,tweet_date
I've successfully completed 90 days (3 months) in quarantine. Now just 10 days short of reaching a milestone.‚Ä¶ https://t.co/ArjpgnM6iB,Tejan Shrivastava,"Mumbai, India",0,0,2020-06-01 16:40:21
"Guidelines by ECA to preschools for keeping children engaged during lockdown

@ecaorg @swatipopat #preschools‚Ä¶ https://t.co/CS3Ts21GXi",EducationWorld India,India,1,0,2020-06-01 14:17:36
"Coz we are healing!!!
.
.
#endofcorona #worldishealing #indiafightscorona #indialockdown #PowermaxFitness #theend‚Ä¶ https://t.co/FojNH2moZn",Powermax Fitness,,1,0,2020-06-01 14:11:05
"As Online Classes Commence, School Campuses Remain Deserted https://t.co/uxgr4npvdb #KeralaSchoolOnlineClasses‚Ä¶ https://t.co/jrfUhoe3P5",Mathrubhumi News,"Kerala, India",0,0,2020-06-01 10:12:01
Sourav Ganguly claims cricket will return to normalcy only post COVID-19 vaccine's release #Ganguly #IPL‚Ä¶ https://t.co/hiQ8j7Y5sC,Republic,"Mumbai, India",96,14,2020-06-01 09:49:45
"Tag Your Best Friends ‚ù£Ô∏èü§£
.
#indialockdown
#lockdown

#feelhapi #friendship
#BFF #stayathomemom
#sanitizer #masks‚Ä¶ https://t.co/LEXTseytEB",Feel Hapi official,,2,1,2020-06-01 08:47:37
"These are the Guidelines for Unlock 1.0

Be prepared &amp; #StaySafe 

Follow @takshilalearning for more updates‚Ä¶ https://t.co/rQRsRvtCjT",Takshila Learning,New Delhi,0,1,2020-06-01 08:30:19
"#Home https://t.co/n30Rg8akWL is #happy #healthy place. 
Stay indoors as much as you can. #StayHome #StaySafe .‚Ä¶ https://t.co/utzg762ym5",Nutrafy,"Gurgaon, India",0,0,2020-06-01 08:14:25
#UnlockIndia https://t.co/wBoRURPz2U the #COVID19 is still out there. Best way to be #healthy is to ensure staying‚Ä¶ https://t.co/r0e2fHjob4,Nutrafy,"Gurgaon, India",0,0,2020-06-01 06:32:37
#EarlyChildhoodAssociation strongly appeals to @HRDMinistry and @MinistryWCD to not ignore the country's youngest c‚Ä¶ https://t.co/XYU5pJRsRY,ScooNews,"Jaipur, India",1,1,2020-06-01 06:29:08
"https://t.co/YFvyhzmWqW

Life in Lockdown: Twitter, Podcast &amp; Braces!

#coronavirus #India #COVID19 #LifeInLockdown‚Ä¶ https://t.co/BuxynO6qVy",Jadeja Harjeet,"Ahmedabad, India",1,0,2020-06-01 06:06:10
"Here's our next video about TN LOCKDOWN 5.0 &amp; UNLOCK 1.0
Watch to know the details of it.
https://t.co/Un0Gd9r4tL‚Ä¶ https://t.co/pp2Eg9nmZJ",SRA Tamil,India,0,0,2020-06-01 05:50:35
"Here's our next video from our channel about India Lockdown 5.0 &amp; Unlock 1.0
Watch the video to know the details ab‚Ä¶ https://t.co/lGujxuYmNh",SRA Tamil,India,0,0,2020-06-01 05:09:33
"CoronaVirus Latest Updates In Andhra Pradesh, Telangana And India At 10:30 AM On 1st June 2020.‚Ä¶ https://t.co/9mK2wUSXbX",Mango News,Hyderabad,2,0,2020-06-01 05:00:00
"Try to change our meetings strategies and gatherings. #Covid-19

#Corona #LockDown #StayHomeStaySafe #NGO‚Ä¶ https://t.co/yfpTT6Gcxx",Tapasvi,"Hyderabad, India",0,0,2020-06-01 04:17:54
"Well, when you've got another 30 days added to your sentence, sometimes it's good to look back...to 2015.‚Ä¶ https://t.co/hCrQLl3shF",CraigBoehman,Mumbai,5,1,2020-05-31 18:48:47
Indian seafarers need to return home!!üôè#seafarersmatter #EssentialWorkers #seafarerstohome #crewchange‚Ä¶ https://t.co/B2YCwAjGWX,Kunal Thareja,"Sector 40, Noida",2,1,2020-05-31 14:42:33
"Lockdown 4.0  | Session 2
Registration link For Workshop: 
https://t.co/bgn8Cm7Eq4
#Lockdown4
#covid19‚Ä¶ https://t.co/ea7vWSAqKa",Deep Chandra Yadav,"Barabanki, India",0,0,2020-05-31 14:13:07
Is anyone actually verifying if the corona number are correct in India or any soar throat case is marked covid-19 p‚Ä¶ https://t.co/2fIusBPrex,vinay,Bangalore,1,0,2020-05-31 14:06:32
"CoronaVirus Latest Updates In Andhra Pradesh, Telangana, And India At 7:00 PM On 31st May 2020.‚Ä¶ https://t.co/udsp3mj9ar",Mango News,Hyderabad,0,0,2020-05-31 13:32:45
"Weighing scale kya jaane ice cream ka swad 

#simmisakhuja 
#desipunjabisimmi 
#punjabicomedy 
#punjabimemes‚Ä¶ https://t.co/7rJSoAp8F9",Simmi Sakhuja,Mumbai,0,0,2020-05-31 12:25:45
"The guidelines issued by the state will be effective from June 1 to June 30
#UttarPradesh #IndiaLockdown 

https://t.co/3FD9PO5tqX",THE WEEK,India,0,1,2020-05-31 11:47:09
"Unlock 1.0 : New Guidelines to fight COVID-19 to be effective from 1st June 2020
#IndiaFightsCorona #IndiaLockDown‚Ä¶ https://t.co/gH3qzHng9E",First Verdict Media,"Himachal Pradesh, India",0,0,2020-05-31 11:08:34
"Deputy CM Manish Sidodia said that he had demanded Rs 5,000 crore as Delhi did not get anything from the disaster r‚Ä¶ https://t.co/s2NmIlGWHR",THE WEEK,India,0,0,2020-05-31 10:20:52
"Lockdown 5.0
...
#lockdown #lockdown2020 #lockdownlife #extended #lockdownextended #lockdown5 #indialockdown #india‚Ä¶ https://t.co/pEfNBkEj8w",designershreyas,"Mumbai, India",0,0,2020-05-31 07:30:32
"Are you considering closing your SIP?
Are there different types of SIP investors?
Follow &amp; like Us to get best guid‚Ä¶ https://t.co/yzwcOxi1pu",Invest My Funds,"416, Laxmi Deep Building",3,1,2020-05-31 07:02:51
"Lockdown 5.0 be like.

*Upar upar se karlo*

#Lockdown5 #indialockdown #lockdownmeme #memes #desimemes #indianmemes",sanju pal,,0,0,2020-05-31 06:40:09
"Well, my shoes and lipsticks probably think I died.üòÇ

#QurantineLife #indialockdown #pandemicdays #LifeInTimesOfCorona #MissingPreQurantine",RV,"india,mumbai",2,0,2020-05-31 06:33:24
"CoronaVirus Latest Updates In Andhra Pradesh, Telangana, And India At 11:15 AM On 31st May 2020.‚Ä¶ https://t.co/Av49Cu8qzb",Mango News,Hyderabad,0,0,2020-05-31 05:53:40
"[Lockdown self-service] Drinking water stopped during lockdown :( No worries!

How to fix pureit red light at home‚Ä¶ https://t.co/EsB9MZ674a",messyinfotainment,Bangalore,0,0,2020-05-30 19:26:36
Initially you guys posted the news with a datebof may 25th.... strange.. or were u guys trying to predict the futur‚Ä¶ https://t.co/OkZft0Vf6F,Rohail,,0,0,2020-05-30 17:09:02
June 8th it is ... #Hyderabad #hyderbadlockdown #indialockdown https://t.co/4T0YdLm0M0,Rohail,,0,0,2020-05-30 15:52:01
"My humble request to @ArvindKejriwal  sir to just play one match with me.
@PUBGMOBILE @PUBGMOBILE_IN 
#PUBGMOBILE‚Ä¶ https://t.co/Pg8Xc5XoQi",AviNaashüáÆüá≥,"Gujarat, India",0,0,2020-05-30 15:32:49
#indialockdown India has been in lockdown since 22nd March 2020. Now the Govt has announced a modified version 5.0‚Ä¶ https://t.co/xEMgJWwdGj,Rakesh Mital,India,0,0,2020-05-30 15:06:38
"Great, my bedtime remains unchanged. #indialockdown https://t.co/RERY8OF6xw",sheba thayil,Bangalore,3,0,2020-05-30 15:01:26
"What are the relaxation in Lockdown 5.0 !!! 

https://t.co/TSOVZbCSkP

#lockdown2020 #Lockdownextention‚Ä¶ https://t.co/YcL5XFOli2",Surya Speak,,0,0,2020-05-30 14:59:42
"What do you call skipping in Punjabi ü§∑üèª‚Äç‚ôÄÔ∏è 

#simmisakhuja 
#desipunjabisimmi 
#punjabicomedy 
#punjabimemes‚Ä¶ https://t.co/u2YGsHbrSq",Simmi Sakhuja,Mumbai,0,1,2020-05-30 14:29:13
"Lockdown 5.0 extended in containment zones till June 30 | V6 News
Watch Video &gt;&gt; https://t.co/VtHJfwKymP‚Ä¶ https://t.co/qrBB4DbpEE",V6 News,"Hyderabad, Telangana, India",9,1,2020-05-30 14:25:03
"Lockdown 5.0: Malls, Restaurants, Places Of Worship Can Open Starting June 8 | V6 News

#Coronavirus #IndiaLockdown #Lockdown5",V6 News,"Hyderabad, Telangana, India",20,4,2020-05-30 14:23:29
"Temples to open from June 8. Lockdown 5 - easing out, except for containment zones.
 #covid19 #coronavirus‚Ä¶ https://t.co/CH2LkaEMEi",Addittya Tamhankar,Pune,0,0,2020-05-30 14:10:16
Send them over to https://t.co/Yk02LCJ9wc and we'll get the answers from concerned authorities. Select answers will‚Ä¶ https://t.co/1Ccx4IrVA9,The Times Of A Better India,,0,0,2020-05-30 14:07:53
"Unrestricted movement of persons and goods

There shall be no restriction on inter-State and intra-State movement o‚Ä¶ https://t.co/GzNztVUS8A",Priyansh Yadav,"Gurgaon, India",1,1,2020-05-30 14:06:41
"#Lockdown5 | Govt extends the #Lockdown in Containment Zones upto 30 June 2020.

Prohibited activities to be reopen‚Ä¶ https://t.co/PmKmqnx1wb",First India,"Jaipur, India",3,0,2020-05-30 14:02:26
"CoronaVirus Latest Updates In Andhra Pradesh, Telangana And India At 07:30 PM On 30th May 2020.

#IndiaLockDown‚Ä¶ https://t.co/JYdeUx7yor",Mango News,Hyderabad,0,0,2020-05-30 14:00:01
India lockdown will continue to remain in force till June 30 in containment zones that will be demarcated by distri‚Ä¶ https://t.co/9T4BvB7AO2,Divya Chowdhury,"Mumbai, India",2,0,2020-05-30 13:58:21
"#UNLOCK1 | #Phase1- Religious places and places of worship for public; hotels, restaurants and other hospitality se‚Ä¶ https://t.co/HKC8xjTsvf",First India,"Jaipur, India",1,0,2020-05-30 13:35:08
"#UNLOCK1 | #Phase1- Religious places and places of worship for public; hotels, restaurants and other hospitality se‚Ä¶ https://t.co/znbxqIbhPj",First India,"Jaipur, India",2,1,2020-05-30 13:34:59
Lockdown is extended till June 30 but malls and temples are open? I'm confused #Lockdownextention #indialockdown‚Ä¶ https://t.co/m0mfk8g2C0,Mia,Winterfell,0,0,2020-05-30 13:26:27
A must read #covidindia #MigrantLivesMatter #MigrantsOnTheRoad #indialockdown https://t.co/p3eVeaQCvB,sunaina s ahluwalia,,0,0,2020-05-30 12:29:40
If you know about any such unsung #LockdownHeores share their stories with us at https://t.co/kpPdaD37iP. Selected‚Ä¶ https://t.co/wu4w6bnaTK,The Times Of A Better India,,0,0,2020-05-30 12:05:55
"Let #India handle d cases instead of trying to confuse it
GDP wud be -ve, exports wud b -ve, blah blah
dat's going‚Ä¶ https://t.co/IJeO4Hdjdi",Abhilash,"Nashik, Maharashtra",0,0,2020-05-30 11:48:59
"May be 1 lakh cases in month of March wud have been stupendous
today at the end of May with 50% recovered the task‚Ä¶ https://t.co/fBQbRAwzOl",Abhilash,"Nashik, Maharashtra",0,0,2020-05-30 11:48:58
"Hav u seen - some worried about relaxations of shutdown &amp; some others about increasing relaxations
India isn't just‚Ä¶ https://t.co/7AovqlI5ga",Abhilash,"Nashik, Maharashtra",0,0,2020-05-30 11:48:57
"Thank you @SonuSood sir. Such u r a great person nd vry gd actor...üíêüíê
he is the REAL HERO‚ù£Ô∏èüëåüèª
keep it up. üôèüèª‚Ä¶ https://t.co/OfkmDFZQ6s",Sekh Hasiruddin Box,"Balasore , Odisha , India üáÆüá≥",1,0,2020-05-30 11:23:20
"Why no one understands that covid-19 was in India in November 2019, unrestricted travel was between Wuhan and all o‚Ä¶ https://t.co/y4kH2L9MC3",vinay,Bangalore,0,0,2020-05-30 11:19:55
"Nothing lasts forever; even this time will pass away.
.
.
.
.
.
#coronathoughts #stayaware #coronastopkarona‚Ä¶ https://t.co/7VcmpTzlMn",Bugsbunndo,Dominican republic,0,0,2020-05-30 11:18:50
@BDUTT @themojo_in A wonderful journey across India by a journalis by road during #COVID__19 and #indialockdown era‚Ä¶ https://t.co/bhYBsO6j8k,NowshadPangode,"Dubai, United Arab Emirates",0,0,2020-05-30 09:54:57
"Are they starting International Flights to/fro India?

#IndiaLockdown",Lady Nisha,"London, England",10,1,2020-05-30 09:27:30
#BREAKING | Air India's Delhi-Moscow flight returns midway after ground team realises pilot is COVID-19 positive‚Ä¶ https://t.co/UTZ7rC6gLA,India TV,India,35,6,2020-05-30 08:52:32
"India Lockdown - After The End Of Lockdown 4.0 on May 31, What Lockdown 5.0 May Look Like 
Watch Full Video...‚Ä¶ https://t.co/UsLVyPR0a1",ABN Telugu,"Jubilee Hills, Hyderabad",3,0,2020-05-30 07:57:46
"#IndiaLockdown - After The End Of Lockdown 4.0 on May 31, What Lockdown 5.0 May Look Like 
#lockdownextension india‚Ä¶ https://t.co/w5VmjQUIJB",ABN Telugu,"Jubilee Hills, Hyderabad",1,0,2020-05-30 07:49:36
"Sonam Wangchuk message to people
https://t.co/4TbeRYXHoo
#IndiaFightsCorona #IndiaLockDown #StayHomeIndia
#Covid_19‚Ä¶ https://t.co/gkVJp9G07b",First Verdict Media,"Himachal Pradesh, India",0,0,2020-05-30 07:03:51
"#AkalAcademy #IndiaLockdown #FightAgainstCovid-19 #MartyrdomDay

Homage to Fifth Master by rural students while sta‚Ä¶ https://t.co/pmnNiOXo2a",Kalgidhar Trust,India,0,0,2020-05-30 06:28:10
"#howto be #fit in #lockdown4 . https://t.co/QIYBbLaKIi .
#AtHome . Best #fitness #healthprogram . #physicalroutines‚Ä¶ https://t.co/RYr0exZC5x",Nutrafy,"Gurgaon, India",2,0,2020-05-30 05:50:39
"Are you following all the Social Distancing measures? 

#WeStandUnited #WeAreOne #indialockdown #indiafightcorona‚Ä¶ https://t.co/eYGj2lHUeu",Naturals by Skas,"A-5/4. Mayapuri Phase -II,
New Delhi-110064 , India",1,0,2020-05-30 05:00:09
"Display Racks Manufacturers

 #india #india #stayhomestaysafe #socialdistancing #covid_19 #innovation‚Ä¶ https://t.co/JoMXYEi0X3",unitechrack,,0,0,2020-05-30 04:16:46
"An eerily deserted inner circle of Connaught Place.
...
...
...
#lockdown #indialockdown #connoughtplace‚Ä¶ https://t.co/dnVh6ZFzX2",Sahil Vohra,New Delhi,2,0,2020-05-30 04:05:36
"Type I am a Winner...
.
.
.

..
.
#coronathoughts #stayaware #brandingred #coronastopkarona #coronamatkarona‚Ä¶ https://t.co/gvWiMqIrEA",Branding Red,,0,0,2020-05-29 23:55:06
2.#PoliceBrutality- #PoliceBrutality is glorified in Indian movies. No one preaches or talks against‚Ä¶ https://t.co/1TuWPcVRS9,Argumentative bong,"Tampere, Finland",3,1,2020-05-29 19:29:08
"Day 66 of #IndiaLockdown. UP112 Ghaziabad silently doing a great job. Handled more than 33,000 lock down related ca‚Ä¶ https://t.co/4HmIzU0Puo",Neeraj Kumar Jadaun,,20,2,2020-05-29 19:07:17
Rahu The Magician ====#astrologyvideos #astrologyfact #viralastrology #astrologicalsign #astrologypower‚Ä¶ https://t.co/IJYiO2v9Sx,Astrobelief Astrology,"Thane West, Thane",1,0,2020-05-29 18:09:30
"Experts suggest to Modi government - open lockdown, keep school-colleges closed.. 

For more details visit:‚Ä¶ https://t.co/HPYOimAsH6",The Inquilab Express,,1,0,2020-05-29 18:02:45
"https://t.co/41IDSLI1Ba
 Subscribe Pulkit Mohan Singla on YouTube for videos on paranormal activity and ghost and s‚Ä¶ https://t.co/h0EIdG9PAk",Pulkit mohan singla,Delhi,0,0,2020-05-29 17:08:49
"https://t.co/GsfKz9e8py
#dirilisertugrul #ghaziertugrul #osmangazi #viralvideo #trinding #nurgrul #indialockdown‚Ä¶ https://t.co/D2srI9JN6J",Media Star,,0,0,2020-05-29 16:43:17
India Lockdown 4.0: FM reviews economy; GDP data will release today and SC slaps govts over migrant issues‚Ä¶ https://t.co/fpORZTJad1,BC Gupta,New Delhi,0,0,2020-05-29 16:03:28
You've brought us very close (93%) to achieving our fundraising goal to help families struggling with food insecuri‚Ä¶ https://t.co/9WQeB8nSXP,iPartnerindia_Canada,"Toronto, Ontario",4,0,2020-05-29 15:56:27
"Bizarre incident of monkeys escaping with COVID-19 samples after attacking a lab assistant in Delhi, India.  What t‚Ä¶ https://t.co/oIlT67aU2r",Eugenie Absalom,"London, England",1,0,2020-05-29 15:50:03
"Documentary about plight of the migrant workers in Delhi.
#MigrantWorkers #indialockdown #PlightIndia‚Ä¶ https://t.co/0tApnIJ9EK",Naga Karthik,Chennai,0,0,2020-05-29 15:44:56
New Video on the latest air travel guidelines by the aviation ministry of India now up on my Youtube Channel‚Ä¶ https://t.co/HPswjRTamB,Mr.Matta,"Mumbai, India",0,0,2020-05-29 15:33:25
"Playing online Ludo should now be included in employee engagement activities. 

#COVID„Éº19 #IndiaLockDown",Mr Corporate Bakchod,Zilla Bakchod,0,0,2020-05-29 15:12:29
India Lockdown #IndiaLockdown #COVID19 #MigrantCrisis https://t.co/2ZvP008e5A,Vimal Chandran,Bangalore/India,1,1,2020-05-29 14:57:39
Gdp growth 11 years slow hogaye hai ..... government kaise cover karenge ye saab ...youth ko jawab chaye‚Ä¶ https://t.co/92J3nHwzpH,QuaziMoin,,1,0,2020-05-29 14:24:15
"Stay safe and stay informed!

#coronavirus #lockdown2020 #timesofindia #lockdown4 #coronavirusoutbreak #covid_19‚Ä¶ https://t.co/iMgURJbAOx",The Times Of A Better India,,0,0,2020-05-29 14:20:30
"Mumbai: Equity benchmark ended higher on Friday. At close, the Sensex was up 223.51 points or 0.69% at 32,424.10, a‚Ä¶ https://t.co/Wc40uJIyVc",Mango News,Hyderabad,1,0,2020-05-29 12:45:00
"494 domestic flights ferried 38,078 passengers in India on Thursday: Government #HardeepSinghPuri #Indialockdown‚Ä¶ https://t.co/2KxBUmj0pu",The Hans India,Hyderabad,0,0,2020-05-29 12:33:18
"#Chandigarh: Except for recording 91% recovery rate in India, #Punjab is successful in maintaining the lowest‚Ä¶ https://t.co/GjnlKtwpLI",The Inquilab Express,,0,0,2020-05-29 12:18:01
Interesting data!! Currency in circulation up by 10% in #indialockdown !! who is hoarding?? Any views? https://t.co/tvMHFrh6uU,Mehul Patel,,0,0,2020-05-29 11:53:28
"when villagers pronounced ""school"" as "" ‡§á‡§∏‡•ç‡§ï‡•Å‡§≤"" we all laughed, but we are now by default pronouncing the same ‚Äúe-s‚Ä¶ https://t.co/Mp5BhX1P4e",Kalpak Shah,Mumbai,0,0,2020-05-29 11:15:26
"Centre Seeks CMs Opinion On #Lockdown5 

#LockdownExtension #CoronaVirus #COVID19 #IndiaLockdown #CoronaLockdown https://t.co/YfkWYkSBuR",Hi Hyderabad,"Hyderabad, India",1,0,2020-05-29 10:49:26
Govt deciding on extending lockdown for the 5th time. Meanwhile ‚ÄúMe‚Äùü§£ #IndiaLockdown #COVID19 #coronavirus‚Ä¶ https://t.co/yAVqwap3jP,Akshay Dinani,,0,0,2020-05-29 09:38:09
"Punjab : 2 People including 1 RPF personnel died due to Coronavirus. 20 New patients found.

Report by :‚Ä¶ https://t.co/EccRhcbzO1",The Inquilab Express,,2,0,2020-05-29 08:51:12
"..
üáÆüá≥ Meanwhile in India....

üëü A gift of shoes and the long walk home ~ in searing heat ~ continues for many migra‚Ä¶ https://t.co/FBYmTLTURW",üôè Noor un Nisa ü™î,As Karma determines (OC RP21+),9,2,2020-05-29 07:51:14
"Schools in West Bengal to remain closed till June 30

@itspcofficial #covid19 #Indialockdown #CycloneAmphan

https://t.co/KRgm88dsGU",EducationWorld India,India,3,1,2020-05-29 07:09:59
"Covid-19: Supply chain disruptions are over in pharma sector, says Dr Reddy‚Äôs CFO
#SupplyChain #Pharma‚Ä¶ https://t.co/TY2N4e7WRi",ETCFO,"Noida, India",1,1,2020-05-29 05:57:17
I am gonna stop making junk food and posting photos on instagram as I am expecting the lockdown to end in the next‚Ä¶ https://t.co/nvqf2Z7kRq,Pratik Girme,Pune,0,0,2020-05-29 05:54:46
I am gonna stop making junk food at home coz I am expecting the lockdown to open #lockdown #Indialockdown #Lockdownextension,Pratik Girme,Pune,0,0,2020-05-29 05:48:34
India Lockdown 4.0: FM reviews economy; GDP data will release today and SC slaps govts over migrant issues‚Ä¶ https://t.co/9Ymcfc4zPg,ETCFO,"Noida, India",0,0,2020-05-29 05:47:47
"https://t.co/axjtQe8oT9 

Impact of decisions on ""4 hour notice""

Many banks &amp; financial institutions reviewing the‚Ä¶ https://t.co/oJ1OV3IbM4",Vinoo Titty George,The world ,0,0,2020-05-29 05:02:36
"CoronaVirus Latest Updates In Andhra Pradesh, Telangana And India At 10:30 AM On 29th May 2020.‚Ä¶ https://t.co/bBY3S6A9dC",Mango News,Hyderabad,0,0,2020-05-29 05:00:00
"It cracks me up when people think the world is so unfair and cruel, when they are only dealing with the consequence‚Ä¶ https://t.co/LJN5VqqzZp",LoneWolf.64,Namibia,0,0,2020-05-29 04:11:50
"Maintain social distance in bus stands and public places. 

#Corona #StayHomeStaySafe #NGO #IndiaLockDown‚Ä¶ https://t.co/HL97Ortx4Q",Tapasvi,"Hyderabad, India",0,0,2020-05-29 04:03:07
"66 Days of Laziness #lockdownextension #KehDiyaNaaBaasKehDiya
#IndiaFightsCorona #indialockdown https://t.co/OX3nGYu501",Manners Maketh Man,earth,0,0,2020-05-29 04:01:10
At least some people will still have faith in humanity! @NLSIUofficial #MigrantsCrisis #migrants #airasia‚Ä¶ https://t.co/ualPY9g6LY,Preeti Anand,,1,0,2020-05-29 03:22:43
"""How 2 #TribalWomen Fled Debt Bondage, #Rape Amid Lockdown in B‚Äôluru"" -https://t.co/3CoBesv6gA
#IncredibleIndia #bondedlabour #indialockdown",Men 4 Womens Rights,,0,0,2020-05-28 18:11:41
"Let's get the virus away by keep the limited spirit.

#coronathoughts #stayaware #coronastopkarona #coronamatkarona‚Ä¶ https://t.co/1zNBwm49ef",agus anggayana,,0,0,2020-05-28 17:47:49
@ajinkyabapat1 @sardesairajdeep Don't feel intimidated by Kant. #india #indialockdown @NITIAayog,frankee chacko,"Navi Mumbai, India",0,0,2020-05-28 17:38:25
"Nowadays media
#coronavirus
#ChineseVirus19
#media
#IndiaFightsCorona
#indialockdown https://t.co/zAaYfXiFG6",üáÆüá≥‚òÖ‚ÇÆÍçèÍã™Íåà‚Ç¶‚ú∂üáÆüá≥,India,0,0,2020-05-28 17:04:49
"As if Lockdown 4.0 was of any help,  we have entered #Lockdown5 #indialockdown",Preethi Agnes,India,0,0,2020-05-28 14:11:02
"CoronaVirus Latest Updates In Andhra Pradesh, Telangana And India At 07:30 PM On 28th May 2020.‚Ä¶ https://t.co/PPygwzaTOd",Mango News,Hyderabad,0,0,2020-05-28 14:00:00
"What are you talking about? 
Without labour, the country's devolopment cannot be predicted.The pre-independence and‚Ä¶ https://t.co/ExPaH4gJEh",Shameer Shazin,"‡§Æ‡•à‡§Ç‡§ó‡§≤‡•ã‡§∞, ‡§≠‡§æ‡§∞‡§§",2,2,2020-05-28 13:31:33
had que frm d intelligent persons #COVID19 #indialockdown #BJPFailsGujarat only 1 person allowed on 2wheler and mor‚Ä¶ https://t.co/HWRjbYKxkD,Vatsal Patel,,1,0,2020-05-28 13:03:11
"Implementing your fascist ideology, 
Your attempt to steal the right of labor,poor and minority.I will remind you,‚Ä¶ https://t.co/lLY2K5tuJ8",Shameer Shazin,"‡§Æ‡•à‡§Ç‡§ó‡§≤‡•ã‡§∞, ‡§≠‡§æ‡§∞‡§§",3,3,2020-05-28 12:17:04
"Traditional way to SIP!
Follow &amp; like Us to get best guidance, Updates &amp; #InvestingTips about #MutualFund.
.
.
.‚Ä¶ https://t.co/VmjFfyadOC",Invest My Funds,"416, Laxmi Deep Building",1,0,2020-05-28 11:22:03
"They Need your help üëâüèΩ https://t.co/rOF9hol6da   

#covid19 #indialockdown #HelpingHands #helpinghomless #kokavlogs https://t.co/EZi7mmvRXE",Pratik Suryawanshi,"Andheri West, Mumbai",1,0,2020-05-28 10:43:59
"Fried Chicken Wings By Me..
#ChickenWings #FriedChicken #HomeMade #FitnessFood #HealthyFood #FoodBlog #FoodBlogger‚Ä¶ https://t.co/jsHORdGvlW",Gagan,"Delhi, India",0,0,2020-05-28 10:06:32
"Your view: Is the Modi govt doing enough to feed India's hungry?

https://t.co/DxYaCvqIQH

#NarendraModi‚Ä¶ https://t.co/ZJCksFk9I7",Yahoo India,World Wide Web,0,0,2020-05-28 09:27:39
Heart-breaking video of toddler trying to wake up his Lifeless mother at Bihar Railway Station. According to her fa‚Ä¶ https://t.co/DJtPxKtnGs,ABN Telugu,"Jubilee Hills, Hyderabad",34,10,2020-05-28 07:46:24
"More #COVID19 #testing https://t.co/sTwW8NhepP .
#Important to #help patients and extend care. Stopping spread of t‚Ä¶ https://t.co/oPdQ7ihAYD",Nutrafy,"Gurgaon, India",0,0,2020-05-28 06:12:00
"CoronaVirus Latest Updates In Andhra Pradesh, Telangana And India At 10:30 AM On 28th May 2020.‚Ä¶ https://t.co/ZX4DfWDoUW",Mango News,Hyderabad,0,0,2020-05-28 05:02:12
"40 doctors attached to the 1 Rupee Clinic will from today, offer to treat 800 #asymptomatic and mildly #symptomatic‚Ä¶ https://t.co/P7JSRWe9pT",Mumbai Mirror,"Mumbai, India",37,5,2020-05-28 04:50:00
@BSNLCorporate What about the #Pan #India #bsnlfightscorona Tariff offer given to all  Indian states even to‚Ä¶ https://t.co/8YmIMm3v7a,Iamindian,,3,4,2020-05-28 01:25:32
"#India: Official estimates undercount short-term migrants who are the most vulnerable, and differ significantly fro‚Ä¶ https://t.co/6Q4w3iGPSw",South Asia Center,"Washington, DC",0,2,2020-05-27 22:00:00
He @Shehzad_Ind   said it all with such en ease that I don't think anyone else could have managed...but central gov‚Ä¶ https://t.co/NoInA6IMJT,shubham agrawal,,1,0,2020-05-27 20:12:10
"The #COVID19 pandemic &amp; #IndiaLockdown have highlighted #India's inequalities.

There is an immediate need to provi‚Ä¶ https://t.co/UYAH9giqLb",iPartnerindia_Canada,"Toronto, Ontario",9,3,2020-05-27 18:47:06
"D64 of #IndiaLockdown. Honour your Gods, Love your family and defend your country. Follow social (physical) distanc‚Ä¶ https://t.co/s0HO9bb24M",Neeraj Kumar Jadaun,,37,7,2020-05-27 18:45:48
Similar yet different: making sense of COVID 19 epidemiological models in Indian context! #epidemiology‚Ä¶ https://t.co/S08KBDBjq5,Ria Saha,"London, United Kingdom",0,0,2020-05-27 18:13:55
@PuneCityPolice In an extraordinary humanitarian gesture API Satish Umare and his colleagues deliver life-saving dr‚Ä¶ https://t.co/5p5Ia76Zbd,Pune Mirror,Pune,14,2,2020-05-27 17:15:39
"#MumbaiLockdown: @mybmc revises testing guidelines once again

#COVID19 #IndiaLockdown #StayHome‚Ä¶ https://t.co/XqpsBinLVA",Mumbai Mirror,"Mumbai, India",21,7,2020-05-27 17:13:16
"India Lockdown 4.0: COVID-19 India Blueprint, more states allow flights with conditions https://t.co/nwo9qtB4kn #indialockdown",BC Gupta,New Delhi,0,0,2020-05-27 16:03:31
Jobs crisis during  this Covid-19 pandemicüò±#COVID__19 #pandemic #COVID #jobfairy #jobcrisis #India #indialockdown‚Ä¶ https://t.co/NfzuWpdvNV,Navnesh Sahani,"Uttar Pradesh, India",0,2,2020-05-27 14:41:26
"Death toll in Tamil Nadu rises to 133.

#IndiaLockdown #COVID19 #StayHome

https://t.co/Bitf0cGaaS",Mumbai Mirror,"Mumbai, India",16,3,2020-05-27 14:40:34
"Select answers will be published in The Times of India newspaper.  

#lockdownfaq #lockdown2020 #lockdown4‚Ä¶ https://t.co/WwiGbQJGfA",The Times Of A Better India,,0,0,2020-05-27 14:25:41
"CoronaVirus Latest Updates In Andhra Pradesh, Telangana And India At 70:30 PM On 27th May 2020.‚Ä¶ https://t.co/NwaJSPFkWv",Mango News,Hyderabad,0,0,2020-05-27 14:00:00
"Migrants of India during this Lockdown. No help from government.
#India #migrants #indialockdown 
#COVID19India https://t.co/JFJM85bYBc",Hashim pasha,"Hyderabad, India",0,0,2020-05-27 13:34:15
"#WATCH: Orphaned, abandoned children earn a livelihood during the lockdown by making masks

#COVID19 #IndiaLockdown‚Ä¶ https://t.co/J0GTX7f62l",Mumbai Mirror,"Mumbai, India",14,2,2020-05-27 12:15:00
"@hydcitypolice #help post lockdown, people who fly to #Hyderabad need to quarantine themselves for how many days? A‚Ä¶ https://t.co/IZ4WJcag5N",Girish Mahadevan,"Dubai, UAE",0,0,2020-05-27 12:13:10
"India Lockdown 4.0: COVID-19 India Blueprint, more states allow flights with conditions
#IndiaLockdown‚Ä¶ https://t.co/sOd8cGJSw6",ETCFO,"Noida, India",0,0,2020-05-27 12:07:34
"Centre Likely To Extend Lockdown Till June 14 | Lockdown 5.0
#IndiaLockdown #LockDown #lockdownextension‚Ä¶ https://t.co/oJFDDPdVVE",ABN YouTube,,0,0,2020-05-27 11:45:59
"How many miles must a walk | Migrant crisis amid India lockdown 
#migrantcrisis #covid19 #Indialockdown

https://t.co/P91u2wEx2C",EducationWorld India,India,2,1,2020-05-27 10:46:53
INDIA IS SAID TO EXTEND LOCK DOWN FOR MORE TWO WEEKS TILL JUNE 15TH: CNN NEWS 18 #indialockdown #extendlockdown,News Inbox üåç,India,0,0,2020-05-27 09:34:38
@MoHFW_INDIA @drharshvardhan @AshwiniKChoubey @PIB_India @PMOIndia @PIBHomeAffairs @mygovindia @MIB_India @MoCA_GoI‚Ä¶ https://t.co/6bGAcnXc1u,Sajal Singhal,,1,1,2020-05-27 08:58:13
Distance from Madgaon(Goa)2Jiribam (Manipur) is approx. 3307kms.Journey of 3days by road.#ShramikSpecialTrain of‚Ä¶ https://t.co/3Wiz9bahCE,Mausumi Chetia,Assam | The Hague | Purulia,1,0,2020-05-27 07:19:48
One of the many reasons why this Lockdown will not come to an end any soon. #Politicans #indialockdown https://t.co/pK3iMZq9c8,Shashank Arora,India,0,0,2020-05-27 07:10:22
"Is it time for a new Tesla?

#simmisakhuja 
#desipunjabisimmi 
#instagram 
#instagrammers 
#punjabicomedy‚Ä¶ https://t.co/q0uZelvSNs",Simmi Sakhuja,Mumbai,1,1,2020-05-27 06:28:37
"Lockdown  Open with New Guidelines 
#pradyumnanews 
#vxtrycorporation 
#HMA
#indialockdown
#ITcellvxtrycorporation

https://t.co/2MnbwCcGfN",Pradyumna News,"Presidents Estate, New Delhi",3,0,2020-05-27 05:06:38
"Lockdown  Open with New Guidelines 
#pradyumnanews 
#vxtrycorporation 
#HMA
#indialockdown
https://t.co/qGMjzeBFLk https://t.co/0NPWFIaG5P",Pradyumna News,"Presidents Estate, New Delhi",0,0,2020-05-27 04:51:05
"The first thing I'm doing after all this mess gets sorted is a big CRYING meetup! ü•∫
.
#indialockdown #lockdown‚Ä¶ https://t.co/VySfRQhTOr",Sonia,"‡§≠‡§æ‡§∞‡§§, India",12,0,2020-05-27 00:02:54
@achyutaghosh @DigitalTrends @CurieuxExplorer @Victoryabro @PawlowskiMario @MargaretSiegien @KanezaDiane‚Ä¶ https://t.co/6p4AAR8Kw3,Shi üíñ #StayAtHome #StayStrong #StayHealthyüíñ,WORLD CITIZENüíô DM-FREE ZONE,2,0,2020-05-26 18:31:34
@ShiCooks @DigitalTrends @CurieuxExplorer @Victoryabro @PawlowskiMario @MargaretSiegien @KanezaDiane‚Ä¶ https://t.co/CB77FFPTYi,Achyuta Ghosh,"Noida, India",1,0,2020-05-26 18:28:39
Mercury The Business Man====Watch Full Video on YouTube====#astrologyvideos #astrologyfact #astrologicalsign‚Ä¶ https://t.co/nevdQiceLv,Astrobelief Astrology,"Thane West, Thane",1,0,2020-05-26 17:58:15
"Was due for a üë¶‚úÇÔ∏è when #IndiaLockdown 1.0 began. Finally got a haircut at home today courtesy @urbancompany_UC

Hel‚Ä¶ https://t.co/nxQs8qO1io",H ŒªRSH 1-7H,Bangalore,0,0,2020-05-26 16:24:03
"‡¥ï‡¥∞‡µ∫ ‡¥ú‡µã‡¥π‡¥±‡¥ø‡¥®‡µç‡¥±‡µÜ ‡¥ú‡µã‡¥≤‡¥ø‡¥ï‡µç‡¥ï‡¥æ‡µº‡¥ï‡µç‡¥ï‡µç ‡¥ï‡µä‡¥µ‡¥ø‡¥°‡µç | Karan Johar

Karan Johar confirms two members of his household staff tested co‚Ä¶ https://t.co/0L2z6ySWGv",‡¥®‡¥æ‡¥≥‡¥ø‡¥ï‡µá‡¥∞‡¥Ç,,0,0,2020-05-26 15:48:15
"#indialockdown Success or Failure?

Breaking Viral Chain = Failure
Reducing Rate of Increase = Success
Helping Poor‚Ä¶ https://t.co/xGoN3eg5Ut",Sidharth Datta,world wide web,31,6,2020-05-26 15:06:20
The answers to the top questions will be published in The Times of India newspaper. Stay safe &amp; stay informed!‚Ä¶ https://t.co/0Gppa6W3mj,The Times Of A Better India,,0,0,2020-05-26 14:36:48
"21 new cases reported in KDMC area today.

#COVID19 #IndiaLockdown #StayHome 

https://t.co/kN9KxGAMeZ",Mumbai Mirror,"Mumbai, India",19,1,2020-05-26 13:58:59
50000 Coronavirus Cases Since Lockdown 4.0 | Vijay Karnataka https://t.co/YPlwvCI9QL #Lockdown #IndiaLockdown #CoronavirusPositive,vijaykarnataka,Bangalore,3,1,2020-05-26 12:08:40
Lockdown Has Failed In Its Aim &amp; Purpose: Rahul Gandhi https://t.co/xwwddJO2vI #IndiaLockdown,Mathrubhumi News,"Kerala, India",2,0,2020-05-26 12:07:32
"Are cravings hitting you hard?‚†Ä
Well, wait no more after this lockdown is over to Munch on our delicious dishes.‚Ä¶ https://t.co/0u0E1xi5QG",Fagun Restaurant,"Indore, India",0,0,2020-05-26 12:05:09
"As per the instructions by DGCA, We have to put on the Face Shield as soon as we aboard the flight

#ZiffyHomes‚Ä¶ https://t.co/V0nK1rAtHj",ZiffyHomes,"Gurgaon, India",7,4,2020-05-26 11:36:56
"#IndiaLockdown 
Success or Failure??? 

Type your opinion in comments! https://t.co/YLXhj9nvbj",Hi Hyderabad,"Hyderabad, India",23,2,2020-05-26 11:17:53
"Here are the guidelines you need to follow for domestic travel.

#COVID19 #IndiaLockdown #StayHome https://t.co/i7YjLuHyb5",Mumbai Mirror,"Mumbai, India",10,4,2020-05-26 10:11:41
The Ministry said that this will help it to chalk out a further action plan and to provide more HCQ tablets to the‚Ä¶ https://t.co/6KCwRUokpL,Mumbai Mirror,"Mumbai, India",10,0,2020-05-26 10:03:31
"As for the students, who would not be able to appear for the exams, the minister stated that students can appear in‚Ä¶ https://t.co/LtRftexSZG",ScooNews,"Jaipur, India",1,0,2020-05-26 09:50:27
"https://t.co/qs3kHXiDe7
Please like, share and subscribe to my YouTube channel ""PS Classes"".
#study #YouTube‚Ä¶ https://t.co/dlQlsM660B",Pia,,0,0,2020-05-26 09:19:45
"With temperatures soaring past 45 degree Celsius in major parts of India, an Air Conditioner has become a necessity‚Ä¶ https://t.co/sTRE30wr9s",Sabhyata Shergill,,0,0,2020-05-26 08:06:18
"Join @rhassija and other education gurus from #India this Thursday, May 28th for our webinar on Lockdown Reflection‚Ä¶ https://t.co/bKYv3rDiMI",New Nordic School,Finland,0,1,2020-05-26 07:15:28
@SortedEagle Cc @nytopinion cc @washingtonpost  can you get this video of old man in rural india translated and pub‚Ä¶ https://t.co/1ZTTNEaf16,chetan‚ùå(google Sanskrit meaning)üáÆüá≥,Mumbai,3,2,2020-05-26 06:18:38
"HSI/India has been working with local government, law enforcement agencies and communities across the country to en‚Ä¶ https://t.co/AzvFpWMV3S",HSI/India,India,31,6,2020-05-26 06:17:28
#UN #Warriors #healthcareworkers https://t.co/nJuoNIXL7K . #Doctors #nurses #specialservicepersonnel fighting‚Ä¶ https://t.co/3Yumi8TQzO,Nutrafy,"Gurgaon, India",0,0,2020-05-26 05:58:15
What my #MondayBlues were looking like yesterday.. Miss being near the water in this #lockdown. Poem for Marine Lif‚Ä¶ https://t.co/zYcaharPsL,Tulika Tripathi,"Mumbai, India",1,0,2020-05-26 05:53:07
The authorities are displaying a disconcerting disdain for procedure. By Sruthisagar Yamunan #Indialockdown https://t.co/oVnCfM16HS,Degrassi High,,0,0,2020-05-26 05:44:03
"China decides to evacuate its citizens from India amid rise in coronavirus cases 

https://t.co/h7ZPWLpPj7

#China‚Ä¶ https://t.co/zzMdNdlfaI",Yahoo India,World Wide Web,0,0,2020-05-26 03:35:37
"SSLC, HSE Exams To Begin Today https://t.co/st4dusM5LB #KeralaSSLCExams #KeralaHSEExams #IndiaLockdown",Mathrubhumi News,"Kerala, India",0,0,2020-05-26 02:28:03
What date will @Lufthansa_India confirm that the international flight LH756 from Frankfurt is permissible to land i‚Ä¶ https://t.co/G4kBj1Urd6,Dennis Grant,"West Kelowna, British Columbia",1,0,2020-05-26 02:08:14
"Very good suggestion that has been adopted by some states. Domestic quarantine seems like an excessive move, consid‚Ä¶ https://t.co/pCK0VHeeCg",Aryan D‚ÄôRozario,DC//Campbell//Delhi,2,0,2020-05-25 22:21:18
"Coronarvirus intermission? More than 80% of film audience miss theatres

#Indialockdown

https://t.co/cx0HrgSOwZ",Business Standard,India,9,0,2020-05-25 17:55:00
"#BREAKING: WHO suspends trial of hydroxychloroquine as COVID-19 treatment over safety concerns

#COVID19‚Ä¶ https://t.co/e4V4gEqeFe",Pune Mirror,Pune,4,1,2020-05-25 17:29:27
"#BREAKING: WHO suspends trial of hydroxychloroquine as COVID-19 treatment over safety concerns

#COVID19‚Ä¶ https://t.co/XrdkutOLTW",Bangalore Mirror,"Bengaluru, India",11,7,2020-05-25 17:29:24
"#BREAKING: WHO suspends trial of hydroxychloroquine as COVID-19 treatment over safety concerns

#COVID19‚Ä¶ https://t.co/jjq2zelPuM",Ahmedabad Mirror,"Ahmedabad, Gujarat",15,5,2020-05-25 17:29:21
"#BREAKING: @WHO suspends trial of hydroxychloroquine as COVID-19 treatment over safety concerns

#COVID19‚Ä¶ https://t.co/lYRLWVXVro",Mumbai Mirror,"Mumbai, India",19,4,2020-05-25 17:29:15
"What will you do if you locked down in a room alone with no mobile,books, no internet connection .

#lockdown‚Ä¶ https://t.co/1cvNfjKXdm",Snehadish,"Bengaluru, India",0,0,2020-05-25 16:54:49
"#ALERT: SK Garden has been added as containment zone in city, with this, the total no of containment zones in the c‚Ä¶ https://t.co/Hge1sd9kiZ",Bangalore Mirror,"Bengaluru, India",12,2,2020-05-25 16:40:00
"Check out the lastest #COVID19 stories here:

#MumbaiFightsCovid19 #Mumbai #IndiaLockdown #COVID19 #StayHome‚Ä¶ https://t.co/8etdfyQ4GA",Mumbai Mirror,"Mumbai, India",6,1,2020-05-25 16:30:00
India taken the right call by resuming passenger air travel: Dun &amp; Bradstreet Chief Economist https://t.co/R9vbur5zda #indialockdown,BC Gupta,New Delhi,0,0,2020-05-25 16:03:34
"#Ulhasnagar crossed the 200-mark on Monday with 18 new cases of coronavirus cropping up in the city, including thre‚Ä¶ https://t.co/FyZpdjMlF6",Mumbai Mirror,"Mumbai, India",8,3,2020-05-25 15:45:02
"‚ÄúRace cars are neither beautiful nor ugly. They become beautiful when they win.‚Äù
- Enzo Ferrari 

#Ferrari‚Ä¶ https://t.co/Tih8d9Fl30",OneOn Consultants,Ahmedabad,3,0,2020-05-25 15:39:03
"Gujarat: In last 24 hours, 405 new COVID19 positive cases have been reported.
Total cases rise to 14,468 including‚Ä¶ https://t.co/stM3RCtlrg",Ahmedabad Mirror,"Ahmedabad, Gujarat",8,2,2020-05-25 14:39:23
#WATCH | Migrant Workers taking ST bus from Byculla and Khada Parsi to CSMT station for their trains back home‚Ä¶ https://t.co/Mxwu3nUjmu,Mumbai Mirror,"Mumbai, India",29,3,2020-05-25 14:15:00
"CoronaVirus Latest Updates In Andhra Pradesh, Telangana And India At 07:30 PM On 25th May 2020.‚Ä¶ https://t.co/Y99B0rCYFb",Mango News,Hyderabad,0,0,2020-05-25 14:00:00
"Schools and colleges in Sikkim to reopen on June 15
#schools #Sikkim #covid19 #Indialockdown

https://t.co/eJjwDnKcSg",EducationWorld India,India,2,0,2020-05-25 12:47:08
"@AslamShaikh_MLA #eidmubarak2020 we at #orlem #malad #mumbai thank God 4 blessing u with patience, strength &amp; a hea‚Ä¶ https://t.co/YvewXmCdYx",MelissaDebraPereira,Canada/India,0,0,2020-05-25 12:47:00
"#Karnataka: 93 fresh cases and two deaths, take the total number of cases to 2,182 and deaths to 44.

- Number of a‚Ä¶ https://t.co/Jc7J08Xm9a",Bangalore Mirror,"Bengaluru, India",20,4,2020-05-25 12:41:58
"Muslim doctors spent their Eid like any other day, spending long hours in PPE suits, Covid ICUs and wards

#Eid‚Ä¶ https://t.co/bTrhsYkGme",Mumbai Mirror,"Mumbai, India",45,3,2020-05-25 12:30:00
Day 62 of #IndiaLockdown. Very peaceful Eid in Ghaziabad. On Eid duty found an ancient Jaharveer Temple in Dataidi‚Ä¶ https://t.co/1vwSVwpsp1,Neeraj Kumar Jadaun,,26,3,2020-05-25 12:20:08
"Operation of buses will be increased to 3500 from tomorrow in Bengaluru: BMTC

Maximum 30 passengers/up to seating‚Ä¶ https://t.co/K2YJv6dJux",Bangalore Mirror,"Bengaluru, India",101,16,2020-05-25 11:55:25
"India now among top 10 worst-hit countries by Covid-19. 
With around 7,000 new cases in a day, India's tally of cas‚Ä¶ https://t.co/HY9UJ0wky8",Mumbai Mirror,"Mumbai, India",11,3,2020-05-25 11:15:00
"Many passengers who reached airports on Monday after the domestic flight operations started across the country, Whi‚Ä¶ https://t.co/EAzLHvpbC3",Mango News,Hyderabad,0,0,2020-05-25 11:15:00
Things To Be Taken Care By Heart Patients During COVID 19 Lockdown https://t.co/LSdYABYacl #COVID19 #COVID19Lockdown #IndiaLockdown,Mathrubhumi News,"Kerala, India",0,0,2020-05-25 10:54:02
"#InPics: People celebrate #Eid amid coronavirus lockdown

#MumbaiFightsCovid19 #Mumbai #IndiaLockdown #COVID19‚Ä¶ https://t.co/lhhNewfBPQ",Mumbai Mirror,"Mumbai, India",17,3,2020-05-25 10:30:17
"Maharashtra records 3041 new cases, state tally of positive cases stand at 50231

#COVID19 #IndiaLockdown #StayHome‚Ä¶ https://t.co/KnuoFUjt6P",Mumbai Mirror,"Mumbai, India",25,5,2020-05-25 10:00:00
"IDEA made this advt in 2008. During that time, Nobody thought, that this might become the norm after 12 years.‚Ä¶ https://t.co/UanIJBsKsj",Eagle Eye,,1,1,2020-05-25 09:40:51
"Online Program for #MANAGING #STRESS
#stress #Lockdownextention #lockdownindia #stressrelief #stressmanagement‚Ä¶ https://t.co/DUKdAXsgvF",Psychowellness Center,"New Delhi, India",2,0,2020-05-25 09:32:56
@ChetanBattase @futterwackening @divyadutta25 @ReallySwara @MARIJKEdeSOUZA @LotusVisualPro @DaryaAbdullah‚Ä¶ https://t.co/2SLLoomDqO,Francis Fernandes,,0,0,2020-05-25 09:05:35
Liquor Price In Mahe To Be On Par With Kerala https://t.co/iVi5VTttHI #MaheLiquorPrice #KeralaLiquorPrice #IndiaLockdown,Mathrubhumi News,"Kerala, India",0,0,2020-05-25 08:20:32
"India taken the right call by resuming passenger air travel: Dun &amp; Bradstreet Chief Economist
#IndiaLockdown‚Ä¶ https://t.co/Mi8zEtgksM",ETCFO,"Noida, India",0,0,2020-05-25 07:46:42
New Delhi: The Domestic passenger flights services have been resumed in India after 2 months amid Nation wide Coron‚Ä¶ https://t.co/atoI7fVwFa,Mango News,Hyderabad,0,0,2020-05-25 07:45:00
"Protection from #COVID19 . https://t.co/nOHJcSV5Cf . 
#facemasks . #StayHome #StaySafe ,
#nutrafy #nutrafywellness‚Ä¶ https://t.co/0u7biSpa5n",Nutrafy,"Gurgaon, India",0,0,2020-05-25 07:07:36
"News today.

#IndiaLockdown #Education

https://t.co/2pLp5sBjaJ",ScooNews,"Jaipur, India",2,0,2020-05-25 06:50:08
"Use this #excellent feature! https://t.co/WFtEsvxaeS . #videocallingapps .
#Collaborate . #Filesharing .
#StayHome‚Ä¶ https://t.co/S4UuVPOyfv",Nutrafy,"Gurgaon, India",0,0,2020-05-25 06:40:33
"Which one is most likely for India under current circumstances?

#indialockdown 
#IndiaFightsCOVID19 
#indiaGDP https://t.co/iwNOciUnOj",Deepak Kumar,"Mumbai, India",0,0,2020-05-25 06:18:42
Calicut Airport All Set For Domestic Flight Services https://t.co/W33id91McK #CalicutAirport #DomesticFlights #IndiaLockdown,Mathrubhumi News,"Kerala, India",2,0,2020-05-25 06:17:33
"SSLC, HSE Exams To Be Held From Tomorrow https://t.co/o0gSpxvvHF #KeralaSSLC #KeralaHSE #IndiaLockdown",Mathrubhumi News,"Kerala, India",1,0,2020-05-25 05:49:32
"Finally, some movement in air also....

#domestictravel #airtravel #indialockdown #airlines #airports #aviation‚Ä¶ https://t.co/J1KhqGTIhR",ePayIndia,,1,0,2020-05-25 04:58:32
Cochin Airport Resumes Domestic Flight Operations https://t.co/f2Gdpg5Z9A #CochinAirport #DomesticFlights #IndiaLockdown,Mathrubhumi News,"Kerala, India",0,0,2020-05-25 04:27:01
"2 months back, Today was the first day of Lock down! #LockdownExtended #IndiaFightsCoronavirus #lockdownindia‚Ä¶ https://t.co/mM5885ft4P",Prasanna Mohan,"Chennai, India",0,0,2020-05-25 04:10:04
"When I see my office laptop, I miss something.
Apne bhavnao ko shabd Dene ki koshish! #WFH #indialockdown‚Ä¶ https://t.co/DKtP1hERj4",Rohit Kumar Hota,"Bengaluru, India",0,0,2020-05-25 02:12:20
"This is how Trump handles COVID crisis of USA - death toll 94,000+.

He is Modi's friend!

Modi's another friend in‚Ä¶ https://t.co/GiOQ69w2v3",The Heeraa,,1,0,2020-05-24 20:29:30
"Eid mubarak to all of them who are celebrating it, one of those ramzan's when I didn't have an iftar treat, one of‚Ä¶ https://t.co/6Z6IlaXZpy",Monk Baba,"New Delhi, India",7,0,2020-05-24 19:15:12
"@presidentapai @PMOIndia @HardeepSPuri ""Hurried Announcement"" !!!
2.1months of flights grounded #IndiaLockdown isn'‚Ä¶ https://t.co/MNH7wdFC2p",Sajal Singhal,,0,0,2020-05-24 18:48:55
@BLRAviation @presidentapai @PMOIndia @HardeepSPuri @MoCA_GoI How could you say 'over eager passengers'!After 2.1mo‚Ä¶ https://t.co/cnCH7NNO5S,Sajal Singhal,,1,0,2020-05-24 18:43:21
Countries like Thailand and Japan are nearing the end of curve in their #COVID19 #coronavirus #CoronavirusPandemic‚Ä¶ https://t.co/ogKi6ODwkT,@sawrubthegreat,"New Delhi, India",0,0,2020-05-24 18:25:06
in india - people are calling corona investigation teams on each other to settle personal scores/feuds - this lockd‚Ä¶ https://t.co/QGIZ8qFUPD,Saudagar,Toba Tekh Singh ,19,2,2020-05-24 17:44:29
"Day 89-90 of #100DaysOfCode
Day 57-58 of #IndiaLockDown

üü¢ Revised some node,express and mongoose concepts.

üü¢‚Ä¶ https://t.co/ZmiYzmdlno",Anupam Roy,"Bengaluru, India",8,13,2020-05-24 17:29:55
"@ZeeNews obviously loves Pakistan so much, it spends at least a few hours covering news about our neighbour every d‚Ä¶ https://t.co/fs1NC5jnrS",NRI Forum,United States,0,0,2020-05-24 17:24:30
Send them over to https://t.co/Yk02LCJ9wc and we'll get the answers from concerned authorities. Select answers will‚Ä¶ https://t.co/XAfyWR6s7d,The Times Of A Better India,,0,0,2020-05-24 15:57:49
"While the lockdown has cancelled wedding plans of many couples, digital creator @AkshBaghla has stepped in to give‚Ä¶ https://t.co/T7NvrPuGOZ",Mumbai Mirror,"Mumbai, India",15,1,2020-05-24 15:27:58
"Let‚Äôs get together and thank these #LockdownHeroes. 
Visit- https://t.co/kpPdaD37iP

#lockdownheroes #unsungheroes‚Ä¶ https://t.co/BKT7PYJa3x",The Times Of A Better India,,0,0,2020-05-24 14:32:55
